kabko,latitude,longitude,group,region,ADM2_PCODE
KAB. ACEH BARAT,4.4543,96.1527,1,Aceh,ID1107
KAB. ACEH BARAT DAYA,3.7963,97.0068,1,Aceh,ID1112
KAB. ACEH BESAR,5.4529,95.4778,1,Aceh,ID1108
KAB. ACEH JAYA,4.7874,95.6458,1,Aceh,ID1116
KAB. ACEH SELATAN,3.3115,97.3517,1,Aceh,ID1103
KAB. ACEH SINGKIL,2.3589,97.8722,1,Aceh,ID1102
KAB. ACEH TAMIANG,4.2329,98.0029,1,Aceh,ID1114
KAB. ACEH TENGAH,4.4483,96.8351,1,Aceh,ID1106
KAB. ACEH TENGGARA,3.3089,97.6982,1,Aceh,ID1104
KAB. ACEH TIMUR,4.5224,97.6114,1,Aceh,ID1105
KAB. ACEH UTARA,4.9786,97.2221,1,Aceh,ID1111
KAB. BENER MERIAH,4.7514,96.9525,1,Aceh,ID1117
KAB. BIREUEN,5.1086,96.6638,1,Aceh,ID1110
KAB. GAYO LUES,3.9552,97.3517,1,Aceh,ID1113
KAB. NAGAN RAYA,4.1248,96.493,1,Aceh,ID1115
KAB. PIDIE,5.0743,95.941,1,Aceh,ID1109
KAB. PIDIE JAYA,5.1548,96.1951,1,Aceh,ID1118
KAB. SIMEULUE,2.644,96.0256,1,Aceh,ID1101
KOTA BANDA ACEH,5.5483,95.3238,1,Aceh,ID1171
KOTA LANGSA,4.4725,97.9756,1,Aceh,ID1173
KOTA LHOKSEUMAWE,5.1812,97.1413,1,Aceh,ID1174
KOTA SABANG,5.8926,95.3238,1,Aceh,ID1172
KOTA SUBULUSSALAM,2.7121,97.9157,1,Aceh,ID1175
KAB. ASAHAN,2.8175,99.6341,2,North Sumatra,ID1208
KAB. BATUBARA,3.1741,99.5006,2,North Sumatra,ID1219
KAB. DAIRI,2.8676,98.2651,2,North Sumatra,ID1210
Danau Toba,,,2,North Sumatra,ID1288
KAB. DELI SERDANG,3.4202,98.7041,2,North Sumatra,ID1212
KAB. HUMBANG HASUNDUTAN,2.1989,98.5721,2,North Sumatra,ID1215
KAB. KARO,3.1053,98.2651,2,North Sumatra,ID1211
KAB. LABUHANBATU,2.344,100.1703,2,North Sumatra,ID1207
KAB. LABUHANBATU SELATAN,1.8799,100.1703,2,North Sumatra,ID1222
KAB. LABUHANBATU UTARA,2.3466,99.8125,2,North Sumatra,ID1223
KAB. LANGKAT,3.8654,98.3088,2,North Sumatra,ID1213
KAB. MANDAILING NATAL,0.7432,99.3673,2,North Sumatra,ID1202
KAB. NIAS,1.0869,97.7417,2,North Sumatra,ID1201
KAB. NIAS BARAT,1.0116,97.4814,2,North Sumatra,ID1225
KAB. NIAS SELATAN,0.7086,97.8286,2,North Sumatra,ID1214
KAB. NIAS UTARA,1.3166,97.3949,2,North Sumatra,ID1224
KAB. PADANG LAWAS,1.1187,99.8125,2,North Sumatra,ID1221
KAB. PADANG LAWAS UTARA,1.5759,99.6341,2,North Sumatra,ID1220
KAB. PAKPAK BHARAT,2.5135,98.2213,2,North Sumatra,ID1216
KAB. SAMOSIR,2.6274,98.7922,2,North Sumatra,ID1217
KAB. SERDANG BEDAGAI,3.3372,99.0571,2,North Sumatra,ID1218
KAB. SIMALUNGUN,2.9782,99.2786,2,North Sumatra,ID1209
KAB. TAPANULI SELATAN,1.5775,99.2786,2,North Sumatra,ID1203
KAB. TAPANULI TENGAH,1.8493,98.7041,2,North Sumatra,ID1204
KAB. TAPANULI UTARA,2.0405,99.1013,2,North Sumatra,ID1205
KAB. TOBA SAMOSIR,2.3502,99.2786,2,North Sumatra,ID1206
KOTA BINJAI,3.6135,98.5025,2,North Sumatra,ID1276
KOTA GUNUNGSITOLI,1.2805,97.6147,2,North Sumatra,ID1278
KOTA MEDAN,3.5952,98.6722,2,North Sumatra,ID1275
KOTA PADANGSIDEMPUAN,1.3722,99.273,2,North Sumatra,ID1277
KOTA PEMATANGSIANTAR,2.97,99.0682,2,North Sumatra,ID1273
KOTA SIBOLGA,1.7368,98.7851,2,North Sumatra,ID1271
KOTA TANJUNGBALAI,2.9662,99.7985,2,North Sumatra,ID1272
KOTA TEBING TINGGI,3.3263,99.1567,2,North Sumatra,ID1274
KAB. AGAM,-0.2209,100.1703,3,West Sumatra,ID1307
Danau,,,3,West Sumatra,ID1388
KAB. DHARMASRAYA,-1.1121,101.6158,3,West Sumatra,ID1311
KAB. KEPULAUAN MENTAWAI,-1.426,98.9245,3,West Sumatra,ID1301
KAB. LIMA PULUH KOTA,0.0734,100.5296,3,West Sumatra,ID1308
KAB. PADANG PARIAMAN,-0.5547,100.2152,3,West Sumatra,ID1306
KAB. PASAMAN,0.2209,100.1703,3,West Sumatra,ID1309
KAB. PASAMAN BARAT,0.2213,99.6341,3,West Sumatra,ID1312
KAB. PESISIR SELATAN,-1.7223,100.8903,3,West Sumatra,ID1302
KAB. SIJUNJUNG,-0.6647,101.0712,3,West Sumatra,ID1304
KAB. SOLOK,-0.9644,100.8903,3,West Sumatra,ID1303
KAB. SOLOK SELATAN,-1.4157,101.2524,3,West Sumatra,ID1310
KAB. TANAH DATAR,-0.4797,100.5746,3,West Sumatra,ID1305
KOTA BUKITTINGGI,-0.3039,100.3835,3,West Sumatra,ID1375
KOTA PADANG,-0.9471,100.4172,3,West Sumatra,ID1371
KOTA PADANGPANJANG,-0.4661,100.3984,3,West Sumatra,ID1374
KOTA PARIAMAN,-0.6257,100.1233,3,West Sumatra,ID1377
KOTA PAYAKUMBUH,-0.2298,100.6309,3,West Sumatra,ID1376
KOTA SAWAHLUNTO,-0.6841,100.7323,3,West Sumatra,ID1373
KOTA SOLOK,-0.7885,100.655,3,West Sumatra,ID1372
KAB. BENGKALIS,1.4139,101.6158,4,Riau,ID1408
KAB. INDRAGIRI HILIR,-0.1457,102.9896,4,Riau,ID1403
KAB. INDRAGIRI HULU,-0.7361,102.2548,4,Riau,ID1402
KAB. KAMPAR,0.1467,101.1617,4,Riau,ID1406
KAB. KEPULAUAN MERANTI,0.9209,102.6676,4,Riau,ID1410
KAB. KUANTAN SINGINGI,-0.4412,101.5248,4,Riau,ID1401
KAB. PELALAWAN,0.1461,102.2548,4,Riau,ID1404
KAB. ROKAN HILIR,1.6464,100.8,4,Riau,ID1409
KAB. ROKAN HULU,1.0411,100.4397,4,Riau,ID1407
KAB. SIAK,0.8119,101.798,4,Riau,ID1405
KOTA DUMAI,1.6666,101.4002,4,Riau,ID1473
KOTA PEKANBARU,0.5071,101.4478,4,Riau,ID1471
KAB. BINTAN,1.0619,104.5189,5,Kepulauan Riau,ID2102
KAB. KARIMUN,0.7698,103.4049,5,Kepulauan Riau,ID2101
KAB. KEPULAUAN ANAMBAS,3.1055,105.6537,5,Kepulauan Riau,ID2105
KAB. LINGGA,-0.4726,104.4258,5,Kepulauan Riau,ID2104
KAB. NATUNA,4,108.25,5,Kepulauan Riau,ID2103
KOTA BATAM,1.1301,104.0529,5,Kepulauan Riau,ID2171
KOTA TANJUNG PINANG,0.9186,104.4665,5,Kepulauan Riau,ID2172
KAB. BATANGHARI,-1.7084,103.0818,6,Jambi,ID1504
KAB. BUNGO,-1.6401,101.8892,6,Jambi,ID1509
KAB. KERINCI,-1.872,101.4339,6,Jambi,ID1501
KAB. MERANGIN,-2.1753,101.9805,6,Jambi,ID1502
KAB. MUARO JAMBI,-1.5521,103.8216,6,Jambi,ID1505
KAB. SAROLANGUN,-2.323,102.7135,6,Jambi,ID1503
KAB. TANJUNG JABUNG BARAT,-1.1058,103.0818,6,Jambi,ID1507
KAB. TANJUNG JABUNG TIMUR,-1.1024,103.8216,6,Jambi,ID1506
KAB. TEBO,-1.2593,102.3464,6,Jambi,ID1508
KOTA JAMBI,-1.6101,103.6131,6,Jambi,ID1571
KOTA SUNGAI PENUH,-2.0634,101.3947,6,Jambi,ID7152
KAB. BENGKULU SELATAN,-4.3248,103.0357,7,Bengkulu,ID1701
KAB. BENGKULU TENGAH,-3.6962,102.3922,7,Bengkulu,ID1709
KAB. BENGKULU UTARA,-3.2663,101.9805,7,Bengkulu,ID1703
KAB. KAUR,-4.5216,103.2663,7,Bengkulu,ID1704
KAB. KEPAHIANG,-3.613,102.6676,7,Bengkulu,ID1708
KAB. LEBONG,-3.1455,102.209,7,Bengkulu,ID1707
KAB. MUKOMUKO,-2.6449,101.4339,7,Bengkulu,ID1706
KAB. REJANG LEBONG,-3.4548,102.6676,7,Bengkulu,ID1702
KAB. SELUMA,-4.0499,102.7135,7,Bengkulu,ID1705
KOTA BENGKULU,-3.7928,102.2608,7,Bengkulu,ID1771
KAB. BANYUASIN,-2.6096,104.7521,8,South Sumatra,ID1607
danau,,,8,South Sumatra,ID1688
KAB. EMPAT LAWANG,-3.7286,102.8975,8,South Sumatra,ID1611
KAB. LAHAT,-3.8009,103.3587,8,South Sumatra,ID1604
KAB. MUARA ENIM,-3.7114,104.0072,8,South Sumatra,ID1603
KAB. MUSI BANYUASIN,-2.5442,103.7289,8,South Sumatra,ID1606
KAB. MUSI RAWAS,-3.0957,103.0818,8,South Sumatra,ID1605
KAB. MUSI RAWAS UTARA,-2.7878,102.7135,8,South Sumatra,ID1613
KAB. OGAN ILIR,-3.4265,104.6121,8,South Sumatra,ID1610
KAB. OGAN KOMERING ILIR,-3.456,105.2195,8,South Sumatra,ID1602
KAB. OGAN KOMERING ULU,-4.0283,104.0072,8,South Sumatra,ID1601
KAB. OGAN KOMERING ULU SELATAN,-4.6682,104.0072,8,South Sumatra,ID1608
KAB. OGAN KOMERING ULU TIMUR,-3.8568,104.7521,8,South Sumatra,ID1609
KAB. PENUKAL ABAB LEMATANG ILIR,-3.2398,104.0072,8,South Sumatra,ID1612
KOTA LUBUKLINGGAU,-3.2996,102.8572,8,South Sumatra,ID1674
KOTA PAGAR ALAM,-4.042,103.2279,8,South Sumatra,ID1673
KOTA PALEMBANG,-2.9761,104.7754,8,South Sumatra,ID1671
KOTA PRABUMULIH,-3.4214,104.2437,8,South Sumatra,ID1672
KAB. BANGKA,-1.8743,105.923,9,Bangka Belitung,ID1901
KAB. BANGKA BARAT,-1.8405,105.5005,9,Bangka Belitung,ID1903
KAB. BANGKA SELATAN,-2.7411,106.4406,9,Bangka Belitung,ID1905
KAB. BANGKA TENGAH,-2.4008,106.2051,9,Bangka Belitung,ID1904
KAB. BELITUNG,-2.7217,107.7636,9,Bangka Belitung,ID1902
KAB. BELITUNG TIMUR,-2.8678,108.1429,9,Bangka Belitung,ID1906
KOTA PANGKAL PINANG,-2.1316,106.1169,9,Bangka Belitung,ID1971
Danau,,,10,Lampung,ID1888
KAB. LAMPUNG TENGAH,-4.8008,105.3131,10,Lampung,ID1805
KAB. LAMPUNG UTARA,-4.8134,104.7521,10,Lampung,ID1806
KAB. LAMPUNG SELATAN,-5.5623,105.5474,10,Lampung,ID1803
KAB. LAMPUNG BARAT,-5.1095,104.1466,10,Lampung,ID1801
KAB. LAMPUNG TIMUR,-5.1135,105.6882,10,Lampung,ID1804
KAB. MESUJI,-4.0045,105.3131,10,Lampung,ID1811
KAB. PESAWARAN,-5.4932,105.0791,10,Lampung,ID1809
KAB. PESISIR BARAT,-5.2928,104.1234,10,Lampung,ID1813
KAB. PRINGSEWU,-5.3331,104.9856,10,Lampung,ID1810
KAB. TULANG BAWANG,-4.3177,105.5005,10,Lampung,ID1808
KAB. TULANG BAWANG BARAT,-4.5257,105.0791,10,Lampung,ID1812
KAB. TANGGAMUS,-5.3027,104.5655,10,Lampung,ID1802
KAB. WAY KANAN,-4.4964,104.5655,10,Lampung,ID1807
KOTA BANDAR LAMPUNG,-5.3971,105.2668,10,Lampung,ID1871
KOTA METRO,-5.1178,105.3073,10,Lampung,ID1872
KAB. LEBAK,-6.5644,106.2522,11,Banten,ID3602
KAB. PANDEGLANG,-6.7483,105.6882,11,Banten,ID3601
KAB. SERANG,-6.1397,106.0405,11,Banten,ID3604
KAB. TANGERANG,-6.1872,106.4877,11,Banten,ID3603
KOTA CILEGON,-6.0025,106.0111,11,Banten,ID3672
KOTA SERANG,-6.1104,106.164,11,Banten,ID3673
KOTA TANGERANG,-6.2024,106.6527,11,Banten,ID3671
KOTA TANGERANG SELATAN,-6.2835,106.7113,11,Banten,ID3674
KAB. BANDUNG,-7.1341,107.6215,12,West Java,ID3204
KAB. BANDUNG BARAT,-6.8652,107.492,12,West Java,ID3217
KAB. BEKASI,-6.2474,107.1485,12,West Java,ID3216
KAB. BOGOR,-6.5518,106.6291,12,West Java,ID3201
KAB. CIAMIS,-7.3321,108.3493,12,West Java,ID3207
KAB. CIANJUR,-7.358,107.1957,12,West Java,ID3203
KAB. CIREBON,-6.6899,108.4751,12,West Java,ID3209
KAB. GARUT,-7.5012,107.7636,12,West Java,ID3205
KAB. INDRAMAYU,-6.3373,108.3258,12,West Java,ID3212
KAB. KARAWANG,-6.3227,107.3376,12,West Java,ID3215
KAB. KUNINGAN,-7.0138,108.5701,12,West Java,ID3208
KAB. MAJALENGKA,-6.7791,108.2852,12,West Java,ID3210
KAB. PANGANDARAN,-7.6151,108.4988,12,West Java,ID3218
KAB. PURWAKARTA,-6.5649,107.4322,12,West Java,ID3214
KAB. SUBANG,-6.3488,107.7636,12,West Java,ID3213
KAB. SUKABUMI,-6.8649,106.9536,12,West Java,ID3202
KAB. SUMEDANG,-6.8329,107.9532,12,West Java,ID3211
KAB. TASIKMALAYA,-7.6513,108.1429,12,West Java,ID3206
KOTA BANDUNG,-6.9175,107.6191,12,West Java,ID3273
KOTA BANJAR,-7.3707,108.5342,12,West Java,ID3279
KOTA BEKASI,-6.2383,106.9756,12,West Java,ID3275
KOTA BOGOR,-6.5971,106.806,12,West Java,ID3271
KOTA CIMAHI,-6.8841,107.5413,12,West Java,ID3277
KOTA CIREBON,-6.732,108.5523,12,West Java,ID3274
KOTA DEPOK,-6.4025,106.7942,12,West Java,ID3276
KOTA SUKABUMI,-6.9277,106.93,12,West Java,ID3272
KOTA TASIKMALAYA,-7.3506,108.2172,12,West Java,ID3278
Waduk Cirata,,,12,West Java,ID3288
KOTA JAKARTA BARAT,-6.1751,106.865,13,DKI Jakarta,ID3174
KOTA JAKARTA PUSAT,,,13,DKI Jakarta,ID3173
KOTA JAKARTA SELATAN,,,13,DKI Jakarta,ID3171
KOTA JAKARTA TIMUR,,,13,DKI Jakarta,ID3172
KOTA JAKARTA UTARA,,,13,DKI Jakarta,ID3175
KAB. ADMINISTRASI KEPULAUAN SERIBU,-5.6122,106.617,13,DKI Jakarta,ID3101
KAB. BANJARNEGARA,-7.3794,109.6163,14,Central Java,ID3304
KAB. BANYUMAS,-7.4832,109.1404,14,Central Java,ID3302
KAB. BATANG,-7.0392,109.9021,14,Central Java,ID3325
KAB. BLORA,-7.0122,111.3799,14,Central Java,ID3316
KAB. BOYOLALI,-7.4318,110.6884,14,Central Java,ID3309
KAB. BREBES,-6.9592,108.9027,14,Central Java,ID3329
KAB. CILACAP,-7.6178,108.9027,14,Central Java,ID3301
KAB. DEMAK,-6.9239,110.6646,14,Central Java,ID3321
KAB. GROBOGAN,-7.1542,110.9507,14,Central Java,ID3315
Hutan,,,14,Central Java,ID3399
KAB. JEPARA,-6.5827,110.6787,14,Central Java,ID3320
KAB. KARANGANYAR,-7.6387,111.046,14,Central Java,ID3313
KAB. KEBUMEN,-7.6681,109.6525,14,Central Java,ID3305
KAB. KENDAL,-7.0265,110.1879,14,Central Java,ID3324
KAB. KLATEN,-7.6579,110.6646,14,Central Java,ID3310
KAB. KUDUS,-6.7726,110.8791,14,Central Java,ID3319
KAB. MAGELANG,-7.4305,110.2832,14,Central Java,ID3308
KAB. PATI,-6.745,111.046,14,Central Java,ID3318
KAB. PEKALONGAN,-7.0517,109.6163,14,Central Java,ID3326
KAB. PEMALANG,-7.0599,109.4259,14,Central Java,ID3327
KAB. PURBALINGGA,-7.3059,109.4259,14,Central Java,ID3303
KAB. PURWOREJO,-7.6965,109.9989,14,Central Java,ID3306
KAB. REMBANG,-6.8082,111.4276,14,Central Java,ID3317
KAB. SEMARANG,-7.1765,110.4739,14,Central Java,ID3322
KAB. SRAGEN,-7.4303,111.0092,14,Central Java,ID3314
KAB. SUKOHARJO,-7.6484,110.8553,14,Central Java,ID3311
KAB. TEGAL,-6.8588,109.1048,14,Central Java,ID3328
KAB. TEMANGGUNG,-7.2749,110.0892,14,Central Java,ID3323
Waduk kedungkombo,,,14,Central Java,ID3388
KAB. WONOGIRI,-7.8846,111.046,14,Central Java,ID3312
KAB. WONOSOBO,-7.3632,109.9002,14,Central Java,ID3307
KOTA MAGELANG,-7.4797,110.2177,14,Central Java,ID3371
KOTA PEKALONGAN,-6.8898,109.6746,14,Central Java,ID3375
KOTA SALATIGA,-7.3305,110.5084,14,Central Java,ID3373
KOTA SEMARANG,-7.0051,110.4381,14,Central Java,ID3374
KOTA SURAKARTA,-7.5755,110.8243,14,Central Java,ID3372
KOTA TEGAL,-6.8797,109.1256,14,Central Java,ID3376
KAB. BANTUL,-7.919,110.3785,15,Special Region of Yogyakarta,ID3402
KAB. GUNUNGKIDUL,-8.0305,110.6169,15,Special Region of Yogyakarta,ID3403
KAB. KULON PROGO,-7.8267,110.1641,15,Special Region of Yogyakarta,ID3401
KAB. SLEMAN,-7.7325,110.4024,15,Special Region of Yogyakarta,ID3404
KOTA YOGYAKARTA,-7.7956,110.3695,15,Special Region of Yogyakarta,ID3471
KAB. BANGKALAN,-7.0384,112.9137,16,East Java,ID3526
KAB. BANYUWANGI,-8.2191,114.3691,16,East Java,ID3510
KAB. BLITAR,-8.0955,112.1609,16,East Java,ID3505
KAB. BOJONEGORO,-7.3175,111.7615,16,East Java,ID3522
KAB. BONDOWOSO,-7.9674,113.9061,16,East Java,ID3511
KAB. GRESIK,-7.155,112.5722,16,East Java,ID3525
KAB. JEMBER,-8.1845,113.6681,16,East Java,ID3509
KAB. JOMBANG,-7.5741,112.2861,16,East Java,ID3517
KAB. KEDIRI,-7.8232,112.1907,16,East Java,ID3506
KAB. LAMONGAN,-7.1269,112.3338,16,East Java,ID3524
KAB. LUMAJANG,-8.0944,113.1442,16,East Java,ID3508
KAB. MADIUN,-7.6093,111.6184,16,East Java,ID3519
KAB. MAGETAN,-7.6433,111.356,16,East Java,ID3520
KAB. MALANG,-8.2422,112.7152,16,East Java,ID3507
KAB. MOJOKERTO,-7.4699,112.4351,16,East Java,ID3516
KAB. NGANJUK,-7.5944,111.9046,16,East Java,ID3518
KAB. NGAWI,-7.461,111.3322,16,East Java,ID3521
KAB. PACITAN,-8.1263,111.1414,16,East Java,ID3501
KAB. PAMEKASAN,-7.1051,113.5252,16,East Java,ID3528
KAB. PASURUAN,-7.786,112.8582,16,East Java,ID3514
KAB. PONOROGO,-7.8651,111.4696,16,East Java,ID3502
KAB. PROBOLINGGO,-7.8718,113.4776,16,East Java,ID3513
KAB. SAMPANG,-7.0402,113.2394,16,East Java,ID3527
KAB. SIDOARJO,-7.4726,112.6675,16,East Java,ID3515
KAB. SITUBONDO,-7.7889,114.1915,16,East Java,ID3512
KAB. SUMENEP,-6.9254,113.9061,16,East Java,ID3529
KAB. TRENGGALEK,-8.1824,111.6184,16,East Java,ID3503
KAB. TUBAN,-6.8955,112.0298,16,East Java,ID3523
KAB. TULUNGAGUNG,-8.0912,111.9642,16,East Java,ID3504
KOTA BATU,-7.8831,112.5334,16,East Java,ID3579
KOTA BLITAR,-8.0955,112.1609,16,East Java,ID3572
KOTA KEDIRI,-7.848,112.0178,16,East Java,ID3571
KOTA MADIUN,-7.6311,111.53,16,East Java,ID3577
KOTA MALANG,-7.9666,112.6326,16,East Java,ID3573
KOTA MOJOKERTO,-7.4705,112.4401,16,East Java,ID3576
KOTA PASURUAN,-7.6469,112.8999,16,East Java,ID3575
KOTA PROBOLINGGO,-7.7764,113.2037,16,East Java,ID3574
KOTA SURABAYA,-7.2575,112.7521,16,East Java,ID3578
KAB. BADUNG,-8.5819,115.1771,17,Bali,ID5103
KAB. BANGLI,-8.2976,115.3549,17,Bali,ID5106
KAB. BULELENG,-8.2239,114.9517,17,Bali,ID5108
KAB. GIANYAR,-8.4248,115.2601,17,Bali,ID5104
KAB. JEMBRANA,-8.3233,114.6668,17,Bali,ID5101
KAB. KARANGASEM,-8.3466,115.5207,17,Bali,ID5107
KAB. KLUNGKUNG,-8.7278,115.5444,17,Bali,ID5105
KAB. TABANAN,-8.4596,115.0466,17,Bali,ID5102
KOTA DENPASAR,-8.6705,115.2126,17,Bali,ID5171
KAB. BIMA,-8.4354,118.6265,18,West Nusa Tenggara,ID5206
KAB. DOMPU,-8.5364,118.3462,18,West Nusa Tenggara,ID5205
KAB. LOMBOK BARAT,-8.6465,116.1123,18,West Nusa Tenggara,ID5201
KAB. LOMBOK TENGAH,-8.6946,116.2777,18,West Nusa Tenggara,ID5202
KAB. LOMBOK TIMUR,-8.5134,116.561,18,West Nusa Tenggara,ID5203
KAB. LOMBOK UTARA,-8.3739,116.2777,18,West Nusa Tenggara,ID5208
KAB. SUMBAWA,-8.6529,117.3616,18,West Nusa Tenggara,ID5204
KAB. SUMBAWA BARAT,-8.9293,116.891,18,West Nusa Tenggara,ID5207
KOTA BIMA,-8.4643,118.7449,18,West Nusa Tenggara,ID5272
KOTA MATARAM,-8.577,116.1005,18,West Nusa Tenggara,ID5271
KAB. ALOR,-8.2928,124.5528,19,East Nusa Tenggara,ID5307
KAB. BELU,-9.1539,124.9066,19,East Nusa Tenggara,ID5306
KAB. ENDE,-8.6763,121.7195,19,East Nusa Tenggara,ID5311
KAB. FLORES TIMUR,-8.3131,122.9663,19,East Nusa Tenggara,ID5309
KAB. KUPANG,-9.9906,123.8858,19,East Nusa Tenggara,ID5303
KAB. LEMBATA,-8.4719,123.4832,19,East Nusa Tenggara,ID5308
KAB. MALAKA,-9.5309,124.9066,19,East Nusa Tenggara,ID5321
KAB. MANGGARAI,-8.6797,120.3897,19,East Nusa Tenggara,ID5313
KAB. MANGGARAI BARAT,-8.6688,120.0665,19,East Nusa Tenggara,ID5315
KAB. MANGGARAI TIMUR,-8.6207,120.62,19,East Nusa Tenggara,ID5319
KAB. NGADA,-8.743,120.9876,19,East Nusa Tenggara,ID5312
KAB. NAGEKEO,-8.6754,121.3084,19,East Nusa Tenggara,ID5318
KAB. ROTE NDAO,-10.7386,123.1239,19,East Nusa Tenggara,ID5314
KAB. SABU RAIJUA,-10.5541,121.8335,19,East Nusa Tenggara,ID5320
KAB. SIKKA,-8.6766,122.1292,19,East Nusa Tenggara,ID5310
KAB. SUMBA BARAT,-9.6548,119.3947,19,East Nusa Tenggara,ID5301
KAB. SUMBA BARAT DAYA,-9.5391,119.1391,19,East Nusa Tenggara,ID5317
KAB. SUMBA TENGAH,-9.4879,119.6963,19,East Nusa Tenggara,ID5316
KAB. SUMBA TIMUR,-9.9802,120.3436,19,East Nusa Tenggara,ID5302
KAB. TIMOR TENGAH SELATAN,-9.7763,124.4198,19,East Nusa Tenggara,ID5304
KAB. TIMOR TENGAH UTARA,-9.4523,124.5971,19,East Nusa Tenggara,ID5305
KOTA KUPANG,-10.1772,123.607,19,East Nusa Tenggara,ID5371
KAB. BENGKAYANG,1.0691,109.6639,20,West Kalimantan,ID6102
KAB. KAPUAS HULU,0.8337,113.0012,20,West Kalimantan,ID6108
KAB. KAYONG UTARA,-0.9226,110.045,20,West Kalimantan,ID6111
KAB. KETAPANG,-1.5698,110.5215,20,West Kalimantan,ID6106
KAB. KUBU RAYA,-0.3534,109.4735,20,West Kalimantan,ID6112
KAB. LANDAK,0.4237,109.7592,20,West Kalimantan,ID6103
KAB. MELAWI,-0.7001,111.6661,20,West Kalimantan,ID6110
KAB. MEMPAWAH,0.3897,109.1404,20,West Kalimantan,ID6104
KAB. SAMBAS,1.3625,109.2832,20,West Kalimantan,ID6101
KAB. SANGGAU,0.14,110.5215,20,West Kalimantan,ID6105
KAB. SEKADAU,-0.0697,110.9984,20,West Kalimantan,ID6109
KAB. SINTANG,-0.1378,112.8106,20,West Kalimantan,ID6107
KOTA PONTIANAK,-0.0263,109.3425,20,West Kalimantan,ID6171
KOTA SINGKAWANG,0.906,108.9872,20,West Kalimantan,ID6172
KAB. BALANGAN,-2.326,115.6155,21,South Kalimantan,ID6303
KAB. BANJAR,-3.32,114.9991,21,South Kalimantan,ID6311
KAB. BARITO KUALA,-3.0715,114.6668,21,South Kalimantan,ID6304
KAB. HULU SUNGAI SELATAN,-2.7663,115.2363,21,South Kalimantan,ID6306
KAB. HULU SUNGAI TENGAH,-2.6153,115.5207,21,South Kalimantan,ID6307
KAB. HULU SUNGAI UTARA,-2.4421,115.1889,21,South Kalimantan,ID6308
KAB. KOTABARU,-3.003,115.9468,21,South Kalimantan,ID6302
KAB. TABALONG,-1.8643,115.5681,21,South Kalimantan,ID6309
KAB. TANAH BUMBU,-3.4512,115.5681,21,South Kalimantan,ID6310
KAB. TANAH LAUT,-3.7694,114.8093,21,South Kalimantan,ID6301
KAB. TAPIN,-2.9161,115.0466,21,South Kalimantan,ID6305
KOTA BANJARBARU,-3.4572,114.8103,21,South Kalimantan,ID6372
KOTA BANJARMASIN,-3.3186,114.5944,21,South Kalimantan,ID6371
KAB. BARITO SELATAN,-1.8759,114.8093,22,Central Kalimantan,ID6204
KAB. BARITO TIMUR,-2.0124,115.1889,22,Central Kalimantan,ID6212
KAB. BARITO UTARA,-0.9587,115.094,22,Central Kalimantan,ID6205
KAB. GUNUNG MAS,-1.2522,113.5729,22,Central Kalimantan,ID6211
KAB. KAPUAS,-1.8116,114.3341,22,Central Kalimantan,ID6203
KAB. KATINGAN,-0.9758,112.8106,22,Central Kalimantan,ID6209
KAB. KOTAWARINGIN BARAT,-2.5063,111.7615,22,Central Kalimantan,ID6201
KAB. KOTAWARINGIN TIMUR,-2.1225,112.8106,22,Central Kalimantan,ID6202
KAB. LAMANDAU,-1.8526,111.2845,22,Central Kalimantan,ID6207
KAB. MURUNG RAYA,-0.1362,114.3341,22,Central Kalimantan,ID6213
KAB. PULANG PISAU,-2.685,113.9536,22,Central Kalimantan,ID6210
KAB. SUKAMARA,-2.6268,111.2368,22,Central Kalimantan,ID6206
KAB. SERUYAN,-3.0123,112.4291,22,Central Kalimantan,ID6208
KOTA PALANGKARAYA,-2.2161,113.914,22,Central Kalimantan,ID6271
KAB. BERAU,2.0451,117.3616,23,East Kalimantan,ID6405
KAB. KUTAI BARAT,-0.4052,115.8522,23,East Kalimantan,ID6402
KAB. KUTAI KARTANEGARA,-0.1337,116.6082,23,East Kalimantan,ID6403
KAB. KUTAI TIMUR,0.9434,116.9852,23,East Kalimantan,ID6404
KAB. MAHAKAM ULU,0.9617,114.7143,23,East Kalimantan,ID6411
KAB. PASER,-1.7175,115.9468,23,East Kalimantan,ID6401
KAB. PENAJAM PASER UTARA,-1.2917,116.5138,23,East Kalimantan,ID6409
KOTA BALIKPAPAN,-1.2379,116.8529,23,East Kalimantan,ID6471
KOTA BONTANG,0.1209,117.48,23,East Kalimantan,ID6474
KOTA SAMARINDA,-0.4948,117.1436,23,East Kalimantan,ID6472
KAB. BULUNGAN,2.9042,116.9852,23,North Kalimantan,ID6502
KAB. MALINAU,3.0731,116.0414,24,North Kalimantan,ID6501
KAB. NUNUKAN,4.081,116.6082,24,North Kalimantan,ID6504
KAB. TANA TIDUNG,3.5519,117.0794,24,North Kalimantan,ID6503
KOTA TARAKAN,3.3274,117.5785,24,North Kalimantan,ID6571
KAB. BOALEMO,0.7013,122.2654,25,Gorontalo,ID7501
KAB. BONE BOLANGO,0.5658,123.3486,25,Gorontalo,ID7504
KAB. GORONTALO,0.5693,122.8084,25,Gorontalo,ID7502
KAB. GORONTALO UTARA,0.9253,122.492,25,Gorontalo,ID7505
KAB. POHUWATO,0.7055,121.7195,25,Gorontalo,ID7503
KOTA GORONTALO,0.5435,123.0568,25,Gorontalo,ID7571
KAB. BANTAENG,-5.5169,120.0203,26,South Sulawesi,ID7303
KAB. BARRU,-4.4364,119.6499,26,South Sulawesi,ID7310
KAB. BONE,-4.7443,120.0665,26,South Sulawesi,ID7311
KAB. BULUKUMBA,-5.4329,120.2051,26,South Sulawesi,ID7302
KAB. ENREKANG,-3.4591,119.8815,26,South Sulawesi,ID7316
KAB. GOWA,-5.3103,119.7426,26,South Sulawesi,ID7306
KAB. JENEPONTO,-5.5546,119.6731,26,South Sulawesi,ID7304
KAB. KEPULAUAN SELAYAR,-6.287,120.5049,26,South Sulawesi,ID7301
KAB. LUWU,-3.3052,120.2513,26,South Sulawesi,ID7317
KAB. LUWU TIMUR,-2.5826,121.171,26,South Sulawesi,ID7325
KAB. LUWU UTARA,-2.269,119.9741,26,South Sulawesi,ID7322
KAB. MAROS,-5.0549,119.6963,26,South Sulawesi,ID7308
KAB. PANGKAJENE DAN KEPULAUAN,-4.805,119.5572,26,South Sulawesi,ID7309
KAB. PINRANG,-3.6483,119.5572,26,South Sulawesi,ID7315
KAB. SIDENRENG RAPPANG,-3.7739,120.0203,26,South Sulawesi,ID7314
KAB. SINJAI,-5.2172,120.1127,26,South Sulawesi,ID7307
KAB. SOPPENG,-4.3519,119.9278,26,South Sulawesi,ID7312
KAB. TAKALAR,-5.4162,119.4876,26,South Sulawesi,ID7305
KAB. TANA TORAJA,-3.0753,119.7426,26,South Sulawesi,ID7318
KAB. TORAJA UTARA,-2.8622,119.8352,26,South Sulawesi,ID7326
KAB. WAJO,-4.0222,120.0665,26,South Sulawesi,ID7313
KOTA MAKASSAR,-5.1477,119.4327,26,South Sulawesi,ID7371
KOTA PALOPO,-3.0016,120.1985,26,South Sulawesi,ID7373
KOTA PAREPARE,-4.0096,119.6291,26,South Sulawesi,ID7372
KAB. BOMBANA,-4.6543,121.9018,27,South East Sulawesi,ID7406
KAB. BUTON,-5.3096,122.9888,27,South East Sulawesi,ID7401
KAB. BUTON SELATAN,-5.3096,122.9888,27,South East Sulawesi,ID7415
KAB. BUTON TENGAH,-5.3891,122.5599,27,South East Sulawesi,ID7414
KAB. BUTON UTARA,-4.7023,123.0339,27,South East Sulawesi,ID7409
KAB. KOLAKA,-3.9947,121.5827,27,South East Sulawesi,ID7404
KAB. KOLAKA TIMUR,-4.2279,121.9018,27,South East Sulawesi,ID7411
KAB. KOLAKA UTARA,-3.1347,121.171,27,South East Sulawesi,ID7408
KAB. KONAWE,-3.938,122.0837,27,South East Sulawesi,ID7403
KAB. KONAWE KEPULAUAN,-4.1361,123.1239,27,South East Sulawesi,ID7412
KAB. KONAWE SELATAN,-4.2028,122.4467,27,South East Sulawesi,ID7405
KAB. KONAWE UTARA,-3.3803,122.0837,27,South East Sulawesi,ID7410
KAB. MUNA,-4.9016,122.6277,27,South East Sulawesi,ID7402
KAB. MUNA BARAT,-4.9016,122.6277,27,South East Sulawesi,ID7413
KAB. WAKATOBI,-5.6504,123.8902,27,South East Sulawesi,ID7407
KOTA BAU-BAU,-5.5071,122.5969,27,South East Sulawesi,ID7472
KOTA KENDARI,-3.9985,122.513,27,South East Sulawesi,ID7471
KAB. BANGGAI,-0.9562,122.6277,28,Central Sulawesi,ID7202
KAB. BANGGAI KEPULAUAN,-0.9562,122.6277,28,Central Sulawesi,ID7201
KAB. BANGGAI LAUT,-1.6735,123.5504,28,Central Sulawesi,ID7211
KAB. BUOL,0.9695,121.3542,28,Central Sulawesi,ID7207
KAB. DONGGALA,-0.4233,119.8352,28,Central Sulawesi,ID7205
KAB. MOROWALI,-2.6987,121.9018,28,Central Sulawesi,ID7203
KAB. MOROWALI UTARA,-1.6312,121.3542,28,Central Sulawesi,ID7212
KAB. PARIGI MOUTONG,0.5818,120.8039,28,Central Sulawesi,ID7208
KAB. POSO,-1.6469,120.4358,28,Central Sulawesi,ID7204
KAB. SIGI,-1.386,119.8815,28,Central Sulawesi,ID7210
KAB. TOJO UNA-UNA,-1.0988,121.537,28,Central Sulawesi,ID7209
KAB. TOLI-TOLI,0.8768,120.758,28,Central Sulawesi,ID7206
KOTA PALU,-0.9003,119.878,28,Central Sulawesi,ID7271
KAB. BOLAANG MONGONDOW,0.6871,124.0641,29,North Sulawesi,ID7101
KAB. BOLAANG MONGONDOW SELATAN,0.4053,123.8411,29,North Sulawesi,ID7110
KAB. BOLAANG MONGONDOW TIMUR,0.7153,124.4642,29,North Sulawesi,ID7111
KAB. BOLAANG MONGONDOW UTARA,0.907,123.2657,29,North Sulawesi,ID7107
Danau,,,29,North Sulawesi,ID7188
KAB. KEPULAUAN SANGIHE,3.6329,125.5001,29,North Sulawesi,ID7103
KAB. KEPULAUAN SIAU TAGULANDANG BIARO,2.346,125.4124,29,North Sulawesi,ID7108
KAB. KEPULAUAN TALAUD,4.3067,126.8035,29,North Sulawesi,ID7104
KAB. MINAHASA,1.2169,124.8183,29,North Sulawesi,ID7102
KAB. MINAHASA SELATAN,1.0947,124.4642,29,North Sulawesi,ID7105
KAB. MINAHASA TENGGARA,1.0279,124.7299,29,North Sulawesi,ID7109
KAB. MINAHASA UTARA,1.5328,124.9948,29,North Sulawesi,ID7106
KOTA BITUNG,1.4404,125.1217,29,North Sulawesi,ID7172
KOTA KOTAMOBAGU,0.7244,124.3199,29,North Sulawesi,ID7174
KOTA MANADO,1.4748,124.8421,29,North Sulawesi,ID7171
KOTA TOMOHON,1.3229,124.8405,29,North Sulawesi,ID7173
KAB. MAJENE,-3.0297,118.9063,30,West Sulawesi,ID7601
KAB. MAMASA,-2.9118,119.325,30,West Sulawesi,ID7603
KAB. MAMUJU,-2.492,119.325,30,West Sulawesi,ID7604
KAB. MAMUJU TENGAH,-1.9354,119.5108,30,West Sulawesi,ID7606
KAB. MAMUJU UTARA,-1.5265,119.5108,30,West Sulawesi,ID7605
KAB. POLEWALI MANDAR,-3.3419,119.1391,30,West Sulawesi,ID7602
KAB. BURU,-3.3307,126.6957,31,Maluku,ID8104
KAB. BURU SELATAN,-3.7274,126.6957,31,Maluku,ID8109
KAB. KEPULAUAN ARU,-6.1947,134.5502,31,Maluku,ID8105
Maluku Tenggara Barat,,,31,Maluku,ID8101
KAB. MALUKU BARAT DAYA,-7.7852,126.3498,31,Maluku,ID8108
KAB. MALUKU TENGAH,-3.0167,129.4864,31,Maluku,ID8103
KAB. MALUKU TENGGARA,-5.7512,132.7272,31,Maluku,ID8102
KAB. SERAM BAGIAN BARAT,-3.1272,128.4008,31,Maluku,ID8106
KAB. SERAM BAGIAN TIMUR,-3.4233,130.2271,31,Maluku,ID8107
KOTA AMBON,-3.6554,128.1908,31,Maluku,ID8171
KOTA TUAL,-5.6266,132.7521,31,Maluku,ID8172
KAB. HALMAHERA BARAT,1.359,127.5961,32,North Maluku,ID8201
KAB. HALMAHERA TENGAH,0.442,128.3587,32,North Maluku,ID8202
KAB. HALMAHERA UTARA,1.5074,127.8937,32,North Maluku,ID8205
KAB. HALMAHERA SELATAN,-1.5109,127.7238,32,North Maluku,ID8204
KAB. KEPULAUAN SULA,-1.8456,125.3431,32,North Maluku,ID8203
KAB. HALMAHERA TIMUR,1.3121,128.485,32,North Maluku,ID8206
KAB. PULAU MOROTAI,2.3657,128.4008,32,North Maluku,ID8207
KAB. PULAU TALIABU,-1.8268,124.7741,32,North Maluku,ID8208
KOTA TERNATE,0.771,127.3695,32,North Maluku,ID8271
KOTA TIDORE KEPULAUAN,0.674,127.4041,32,North Maluku,ID8272
KAB. ASMAT,-5.0574,138.3988,33,Papua,ID9415
KAB. BIAK NUMFOR,-1.0381,135.9801,33,Papua,ID9409
KAB. BOVEN DIGOEL,-5.74,140.3482,33,Papua,ID9413
KAB. DEIYAI,-4.0975,136.4393,33,Papua,ID9436
KAB. DOGIYAI,-4.0454,135.6763,33,Papua,ID9434
KAB. INTAN JAYA,-3.5076,136.7478,33,Papua,ID9435
KAB. JAYAPURA,-2.9879,139.8547,33,Papua,ID9403
KAB. JAYAWIJAYA,-4.0004,138.7995,33,Papua,ID9402
KAB. KEEROM,-3.345,140.7624,33,Papua,ID9420
KAB. KEPULAUAN YAPEN,-1.7469,136.1709,33,Papua,ID9408
KAB. LANNY JAYA,-3.971,138.319,33,Papua,ID9430
KAB. MAMBERAMO RAYA,-2.5331,137.7638,33,Papua,ID9428
KAB. MAMBERAMO TENGAH,-2.3746,138.319,33,Papua,ID9431
KAB. MAPPI,-6.7606,139.6911,33,Papua,ID9414
KAB. MERAUKE,-7.7838,139.0413,33,Papua,ID9401
KAB. MIMIKA,-4.4553,137.1362,33,Papua,ID9412
KAB. NABIRE,-3.5095,135.7521,33,Papua,ID9404
KAB. NDUGA,-4.4069,138.2394,33,Papua,ID9429
KAB. PANIAI,-3.7876,136.3625,33,Papua,ID9410
KAB. PEGUNUNGAN BINTANG,-4.559,140.5136,33,Papua,ID9417
KAB. PUNCAK,-3.8649,137.6062,33,Papua,ID9433
KAB. PUNCAK JAYA,-3.4468,137.8427,33,Papua,ID9411
KAB. SARMI,-2.4678,139.2031,33,Papua,ID9419
KAB. SUPIORI,-0.7295,135.6385,33,Papua,ID9427
KAB. TOLIKARA,-3.4811,138.4787,33,Papua,ID9418
KAB. WAROPEN,-1.7469,136.1709,33,Papua,ID9426
KAB. YAHUKIMO,-4.494,139.528,33,Papua,ID9416
KAB. YALIMO,-3.7853,139.4466,33,Papua,ID9432
KOTA JAYAPURA,-2.5916,140.669,33,Papua,ID9471
KAB. FAKFAK,-3.0977,133.0195,34,West Papua,ID9101
KAB. KAIMANA,-3.2884,133.9437,34,West Papua,ID9102
KAB. MANOKWARI,-0.999,133.0195,34,West Papua,ID9105
KAB. MANOKWARI SELATAN,-0.999,133.0195,34,West Papua,ID9111
KAB. MAYBRAT,-1.2971,132.3151,34,West Papua,ID9110
KAB. PEGUNUNGAN ARFAK,-1.1555,133.7142,34,West Papua,ID9112
KAB. RAJA AMPAT,-1.0915,130.8779,34,West Papua,ID9108
KAB. SORONG,-1.1223,131.4883,34,West Papua,ID9107
KAB. SORONG SELATAN,-1.7658,132.1573,34,West Papua,ID9106
KAB. TAMBRAUW,-0.7819,132.3938,34,West Papua,ID9109
KAB. TELUK BINTUNI,-1.9057,133.3295,34,West Papua,ID9104
KAB. TELUK WONDAMA,-2.8552,134.3237,34,West Papua,ID9103
KOTA SORONG,-0.8762,131.2558,34,West Papua,ID9171